{
    "random": [
        {
            "eval_loss": 0.4332577586174011,
            "eval_accuracy": 0.9314401622718053,
            "eval_precision": 0.9025312882514696,
            "eval_recall": 0.9314401622718053,
            "eval_f1": 0.9110450352809806,
            "eval_precision_weighted": 0.9025312882514696,
            "eval_recall_weighted": 0.9314401622718053,
            "eval_f1_weighted": 0.9110450352809806,
            "eval_precision_macro": 0.6458157086246048,
            "eval_recall_macro": 0.5359376800381886,
            "eval_f1_macro": 0.5488208377331926,
            "eval_precision_pos": 0.35135135135135137,
            "eval_recall_pos": 0.08227848101265822,
            "eval_f1_pos": 0.13333333333333333,
            "eval_runtime": 7.237,
            "eval_samples_per_second": 340.613,
            "eval_steps_per_second": 21.418,
            "epoch": 5.0
        },
        {
            "eval_loss": 0.3761135935783386,
            "eval_accuracy": 0.9399594320486815,
            "eval_precision": 0.9252626088041049,
            "eval_recall": 0.9399594320486815,
            "eval_f1": 0.9266979849287438,
            "eval_precision_weighted": 0.9252626088041049,
            "eval_recall_weighted": 0.9399594320486815,
            "eval_f1_weighted": 0.9266979849287438,
            "eval_precision_macro": 0.76734524304113,
            "eval_recall_macro": 0.6023933762407203,
            "eval_f1_macro": 0.641709486321281,
            "eval_precision_pos": 0.5862068965517241,
            "eval_recall_pos": 0.21518987341772153,
            "eval_f1_pos": 0.3148148148148148,
            "eval_runtime": 7.289,
            "eval_samples_per_second": 338.181,
            "eval_steps_per_second": 21.265,
            "epoch": 5.0
        },
        {
            "eval_loss": 0.31979772448539734,
            "eval_accuracy": 0.9476673427991886,
            "eval_precision": 0.9437691128774846,
            "eval_recall": 0.9476673427991886,
            "eval_f1": 0.9453749658610795,
            "eval_precision_weighted": 0.9437691128774846,
            "eval_recall_weighted": 0.9476673427991886,
            "eval_f1_weighted": 0.9453749658610795,
            "eval_precision_macro": 0.7886339998822582,
            "eval_recall_macro": 0.7421112409672269,
            "eval_f1_macro": 0.7629187421574966,
            "eval_precision_pos": 0.6106870229007634,
            "eval_recall_pos": 0.5063291139240507,
            "eval_f1_pos": 0.5536332179930796,
            "eval_runtime": 7.3099,
            "eval_samples_per_second": 337.214,
            "eval_steps_per_second": 21.204,
            "epoch": 5.0
        },
        {
            "eval_loss": 0.3126624822616577,
            "eval_accuracy": 0.956997971602434,
            "eval_precision": 0.9522085612741165,
            "eval_recall": 0.956997971602434,
            "eval_f1": 0.9526248119363729,
            "eval_precision_weighted": 0.9522085612741165,
            "eval_recall_weighted": 0.956997971602434,
            "eval_f1_weighted": 0.9526248119363729,
            "eval_precision_macro": 0.8603117505995204,
            "eval_recall_macro": 0.7382525939216364,
            "eval_f1_macro": 0.7848048097512765,
            "eval_precision_pos": 0.7549019607843137,
            "eval_recall_pos": 0.4873417721518987,
            "eval_f1_pos": 0.5923076923076923,
            "eval_runtime": 7.281,
            "eval_samples_per_second": 338.553,
            "eval_steps_per_second": 21.288,
            "epoch": 5.0
        }
    ]
}