{
    "2": [
        {
            "eval_loss": 2.1190216541290283,
            "eval_accuracy": 0.012175324675324676,
            "eval_precision": 0.0001482625995533935,
            "eval_recall": 0.012175324675324676,
            "eval_f1": 0.00029295776408384686,
            "eval_f1_macro": 0.004010266281681104,
            "eval_runtime": 46.1118,
            "eval_samples_per_second": 133.588,
            "eval_steps_per_second": 16.699,
            "epoch": 7.0
        },
        {
            "eval_loss": 2.208763599395752,
            "eval_accuracy": 0.028246753246753246,
            "eval_precision": 0.013799548342151594,
            "eval_recall": 0.028246753246753246,
            "eval_f1": 0.017057940136945993,
            "eval_f1_macro": 0.02645909633634745,
            "eval_runtime": 46.2714,
            "eval_samples_per_second": 133.127,
            "eval_steps_per_second": 16.641,
            "epoch": 7.0
        }
    ],
    "9": [
        {
            "eval_loss": 1.4994964599609375,
            "eval_accuracy": 0.6131493506493506,
            "eval_precision": 0.44101652944253644,
            "eval_recall": 0.6131493506493506,
            "eval_f1": 0.5130293130522324,
            "eval_f1_macro": 0.1282469186105735,
            "eval_runtime": 46.2499,
            "eval_samples_per_second": 133.189,
            "eval_steps_per_second": 16.649,
            "epoch": 7.0
        }
    ],
    "4": [
        {
            "eval_loss": 1.6087015867233276,
            "eval_accuracy": 0.4128246753246753,
            "eval_precision": 0.4280297911591073,
            "eval_recall": 0.4128246753246753,
            "eval_f1": 0.41937975461306465,
            "eval_f1_macro": 0.10663063054547427,
            "eval_runtime": 46.2721,
            "eval_samples_per_second": 133.126,
            "eval_steps_per_second": 16.641,
            "epoch": 7.0
        }
    ],
    "7": [
        {
            "eval_loss": 1.8998558521270752,
            "eval_accuracy": 0.039285714285714285,
            "eval_precision": 0.5670101357882785,
            "eval_recall": 0.039285714285714285,
            "eval_f1": 0.054670382516464264,
            "eval_f1_macro": 0.01728731565668636,
            "eval_runtime": 46.327,
            "eval_samples_per_second": 132.968,
            "eval_steps_per_second": 16.621,
            "epoch": 7.0
        }
    ],
    "6": [
        {
            "eval_loss": 1.8030673265457153,
            "eval_accuracy": 0.05909090909090909,
            "eval_precision": 0.5434429158420587,
            "eval_recall": 0.05909090909090909,
            "eval_f1": 0.09280727656926573,
            "eval_f1_macro": 0.026657192557028486,
            "eval_runtime": 46.2702,
            "eval_samples_per_second": 133.131,
            "eval_steps_per_second": 16.641,
            "epoch": 7.0
        }
    ],
    "8": [
        {
            "eval_loss": 1.8068914413452148,
            "eval_accuracy": 0.025324675324675326,
            "eval_precision": 0.523586735011659,
            "eval_recall": 0.025324675324675326,
            "eval_f1": 0.030214698566912043,
            "eval_f1_macro": 0.010956644871212715,
            "eval_runtime": 46.1592,
            "eval_samples_per_second": 133.451,
            "eval_steps_per_second": 16.681,
            "epoch": 7.0
        }
    ],
    "1": [
        {
            "eval_loss": 1.991034984588623,
            "eval_accuracy": 0.016396103896103895,
            "eval_precision": 0.5525712378711384,
            "eval_recall": 0.016396103896103895,
            "eval_f1": 0.009623345796125822,
            "eval_f1_macro": 0.006266952868355294,
            "eval_runtime": 46.2977,
            "eval_samples_per_second": 133.052,
            "eval_steps_per_second": 16.632,
            "epoch": 7.0
        }
    ],
    "0": [
        {
            "eval_loss": 1.4994964599609375,
            "eval_accuracy": 0.6131493506493506,
            "eval_precision": 0.44101652944253644,
            "eval_recall": 0.6131493506493506,
            "eval_f1": 0.5130293130522324,
            "eval_f1_macro": 0.1282469186105735,
            "eval_runtime": 46.262,
            "eval_samples_per_second": 133.155,
            "eval_steps_per_second": 16.644,
            "epoch": 7.0
        }
    ],
    "3": [
        {
            "eval_loss": 1.6814453601837158,
            "eval_accuracy": 0.299512987012987,
            "eval_precision": 0.46575945709699706,
            "eval_recall": 0.299512987012987,
            "eval_f1": 0.3620474560000139,
            "eval_f1_macro": 0.09252285697149683,
            "eval_runtime": 46.5519,
            "eval_samples_per_second": 132.325,
            "eval_steps_per_second": 16.541,
            "epoch": 7.0
        }
    ]
}