{
    "5": [
        {
            "eval_loss": 0.6682129502296448,
            "eval_accuracy": 0.6511415525114155,
            "eval_precision": 0.5825108405749849,
            "eval_recall": 0.6511415525114155,
            "eval_f1": 0.5798446361484993,
            "eval_f1_macro": 0.4749363163573514,
            "eval_runtime": 24.5905,
            "eval_samples_per_second": 133.588,
            "eval_steps_per_second": 16.714,
            "epoch": 7.0
        },
        {
            "eval_loss": 0.7737584710121155,
            "eval_accuracy": 0.6675799086757991,
            "eval_precision": 0.48400735628325886,
            "eval_recall": 0.6675799086757991,
            "eval_f1": 0.5394998266584256,
            "eval_f1_macro": 0.4020805719939516,
            "eval_runtime": 24.5429,
            "eval_samples_per_second": 133.847,
            "eval_steps_per_second": 16.746,
            "epoch": 7.0
        }
    ],
    "8": [
        {
            "eval_loss": 0.7745610475540161,
            "eval_accuracy": 0.6724505327245053,
            "eval_precision": 0.452189718961471,
            "eval_recall": 0.6724505327245053,
            "eval_f1": 0.5407510836506851,
            "eval_f1_macro": 0.40207499089916265,
            "eval_runtime": 24.8001,
            "eval_samples_per_second": 132.459,
            "eval_steps_per_second": 16.573,
            "epoch": 7.0
        }
    ],
    "9": [
        {
            "eval_loss": 0.8730721473693848,
            "eval_accuracy": 0.6727549467275494,
            "eval_precision": 0.779876881035675,
            "eval_recall": 0.6727549467275494,
            "eval_f1": 0.5414577900276508,
            "eval_f1_macro": 0.4030766937104555,
            "eval_runtime": 24.5766,
            "eval_samples_per_second": 133.663,
            "eval_steps_per_second": 16.723,
            "epoch": 7.0
        },
        {
            "eval_loss": 0.5656210780143738,
            "eval_accuracy": 0.680365296803653,
            "eval_precision": 0.6761023617002191,
            "eval_recall": 0.680365296803653,
            "eval_f1": 0.5716017274375804,
            "eval_f1_macro": 0.44812565119333175,
            "eval_runtime": 24.5057,
            "eval_samples_per_second": 134.05,
            "eval_steps_per_second": 16.772,
            "epoch": 7.0
        }
    ],
    "7": [
        {
            "eval_loss": 0.605635941028595,
            "eval_accuracy": 0.6724505327245053,
            "eval_precision": 0.452189718961471,
            "eval_recall": 0.6724505327245053,
            "eval_f1": 0.5407510836506851,
            "eval_f1_macro": 0.40207499089916265,
            "eval_runtime": 24.3428,
            "eval_samples_per_second": 134.948,
            "eval_steps_per_second": 16.884,
            "epoch": 7.0
        }
    ],
    "0": [
        {
            "eval_loss": 0.4913085997104645,
            "eval_accuracy": 0.7796042617960426,
            "eval_precision": 0.7771266317149307,
            "eval_recall": 0.7796042617960426,
            "eval_f1": 0.7781574965474938,
            "eval_f1_macro": 0.746634707574305,
            "eval_runtime": 24.3989,
            "eval_samples_per_second": 134.637,
            "eval_steps_per_second": 16.845,
            "epoch": 7.0
        }
    ],
    "2": [
        {
            "eval_loss": 0.5373902320861816,
            "eval_accuracy": 0.7710806697108067,
            "eval_precision": 0.7922709200265713,
            "eval_recall": 0.7710806697108067,
            "eval_f1": 0.7764151560699886,
            "eval_f1_macro": 0.754194666934132,
            "eval_runtime": 24.9547,
            "eval_samples_per_second": 131.638,
            "eval_steps_per_second": 16.47,
            "epoch": 7.0
        }
    ],
    "4": [
        {
            "eval_loss": 0.6023130416870117,
            "eval_accuracy": 0.7409436834094368,
            "eval_precision": 0.729191558510771,
            "eval_recall": 0.7409436834094368,
            "eval_f1": 0.7258355123433814,
            "eval_f1_macro": 0.6756373955755197,
            "eval_runtime": 24.5716,
            "eval_samples_per_second": 133.691,
            "eval_steps_per_second": 16.727,
            "epoch": 7.0
        }
    ],
    "1": [
        {
            "eval_loss": 0.5663067102432251,
            "eval_accuracy": 0.795738203957382,
            "eval_precision": 0.8037127781465152,
            "eval_recall": 0.795738203957382,
            "eval_f1": 0.7763672118718993,
            "eval_f1_macro": 0.7307386587890469,
            "eval_runtime": 24.6949,
            "eval_samples_per_second": 133.023,
            "eval_steps_per_second": 16.643,
            "epoch": 7.0
        }
    ]
}