{
    "7": [
        {
            "eval_loss": 2.2216525077819824,
            "eval_accuracy": 0.04861111111111111,
            "eval_precision": 0.00236304012345679,
            "eval_recall": 0.04861111111111111,
            "eval_f1": 0.004506990434142752,
            "eval_f1_macro": 0.01545253863134658,
            "eval_runtime": 5.3528,
            "eval_samples_per_second": 134.51,
            "eval_steps_per_second": 16.814,
            "epoch": 7.0
        }
    ],
    "5": [
        {
            "eval_loss": 1.7332797050476074,
            "eval_accuracy": 0.05555555555555555,
            "eval_precision": 0.5942346983133369,
            "eval_recall": 0.05555555555555555,
            "eval_f1": 0.023436749016315966,
            "eval_f1_macro": 0.01895420898951317,
            "eval_runtime": 5.3859,
            "eval_samples_per_second": 133.681,
            "eval_steps_per_second": 16.71,
            "epoch": 7.0
        },
        {
            "eval_loss": 1.5865004062652588,
            "eval_accuracy": 0.16805555555555557,
            "eval_precision": 0.5682509052792072,
            "eval_recall": 0.16805555555555557,
            "eval_f1": 0.22965569938870906,
            "eval_f1_macro": 0.05988314868621012,
            "eval_runtime": 5.4126,
            "eval_samples_per_second": 133.023,
            "eval_steps_per_second": 16.628,
            "epoch": 7.0
        }
    ],
    "0": [
        {
            "eval_loss": 1.8432536125183105,
            "eval_accuracy": 0.08611111111111111,
            "eval_precision": 0.5212383242919773,
            "eval_recall": 0.08611111111111111,
            "eval_f1": 0.025958955464603937,
            "eval_f1_macro": 0.05493924175801981,
            "eval_runtime": 5.3797,
            "eval_samples_per_second": 133.837,
            "eval_steps_per_second": 16.73,
            "epoch": 7.0
        }
    ],
    "2": [
        {
            "eval_loss": 1.9145982265472412,
            "eval_accuracy": 0.02638888888888889,
            "eval_precision": 0.0039292917760779394,
            "eval_recall": 0.02638888888888889,
            "eval_f1": 0.006463151896754948,
            "eval_f1_macro": 0.015447968535758099,
            "eval_runtime": 5.394,
            "eval_samples_per_second": 133.483,
            "eval_steps_per_second": 16.685,
            "epoch": 7.0
        }
    ],
    "4": [
        {
            "eval_loss": 2.30355167388916,
            "eval_accuracy": 0.04861111111111111,
            "eval_precision": 0.00236304012345679,
            "eval_recall": 0.04861111111111111,
            "eval_f1": 0.004506990434142752,
            "eval_f1_macro": 0.01545253863134658,
            "eval_runtime": 5.3886,
            "eval_samples_per_second": 133.616,
            "eval_steps_per_second": 16.702,
            "epoch": 7.0
        }
    ],
    "6": [
        {
            "eval_loss": 2.17159366607666,
            "eval_accuracy": 0.04722222222222222,
            "eval_precision": 0.002337733773377338,
            "eval_recall": 0.04722222222222222,
            "eval_f1": 0.004454926624737946,
            "eval_f1_macro": 0.015274034141958671,
            "eval_runtime": 5.4324,
            "eval_samples_per_second": 132.538,
            "eval_steps_per_second": 16.567,
            "epoch": 7.0
        },
        {
            "eval_loss": 1.578734040260315,
            "eval_accuracy": 0.6069444444444444,
            "eval_precision": 0.5996779388083736,
            "eval_recall": 0.6069444444444444,
            "eval_f1": 0.602530303030303,
            "eval_f1_macro": 0.13818181818181818,
            "eval_runtime": 5.3913,
            "eval_samples_per_second": 133.548,
            "eval_steps_per_second": 16.693,
            "epoch": 7.0
        }
    ],
    "8": [
        {
            "eval_loss": 1.4841606616973877,
            "eval_accuracy": 0.7166666666666667,
            "eval_precision": 0.5750122010736944,
            "eval_recall": 0.7166666666666667,
            "eval_f1": 0.6380720281613864,
            "eval_f1_macro": 0.1397238017871649,
            "eval_runtime": 5.37,
            "eval_samples_per_second": 134.079,
            "eval_steps_per_second": 16.76,
            "epoch": 7.0
        }
    ],
    "3": [
        {
            "eval_loss": 1.6737887859344482,
            "eval_accuracy": 0.24861111111111112,
            "eval_precision": 0.5422537747355582,
            "eval_recall": 0.24861111111111112,
            "eval_f1": 0.3337119673054975,
            "eval_f1_macro": 0.08043018085212178,
            "eval_runtime": 5.3772,
            "eval_samples_per_second": 133.899,
            "eval_steps_per_second": 16.737,
            "epoch": 7.0
        }
    ]
}