{
    "5": [
        {
            "eval_loss": 0.6159979104995728,
            "eval_accuracy": 0.7662100456621005,
            "eval_precision": 0.7584770984024205,
            "eval_recall": 0.7662100456621005,
            "eval_f1": 0.7587027262898938,
            "eval_runtime": 25.119,
            "eval_samples_per_second": 130.778,
            "eval_steps_per_second": 16.362,
            "epoch": 7.0
        },
        {
            "eval_loss": 0.6386996507644653,
            "eval_accuracy": 0.7470319634703196,
            "eval_precision": 0.7449946717509092,
            "eval_recall": 0.7470319634703196,
            "eval_f1": 0.7168536892904741,
            "eval_runtime": 1731.0738,
            "eval_samples_per_second": 1.898,
            "eval_steps_per_second": 0.237,
            "epoch": 7.0
        }
    ],
    "8": [
        {
            "eval_loss": 0.7234052419662476,
            "eval_accuracy": 0.6742770167427702,
            "eval_precision": 0.7396942111641073,
            "eval_recall": 0.6742770167427702,
            "eval_f1": 0.5455248300953588,
            "eval_runtime": 25.0242,
            "eval_samples_per_second": 131.273,
            "eval_steps_per_second": 16.424,
            "epoch": 7.0
        }
    ],
    "9": [
        {
            "eval_loss": 1.0644689798355103,
            "eval_accuracy": 0.6727549467275494,
            "eval_precision": 0.779876881035675,
            "eval_recall": 0.6727549467275494,
            "eval_f1": 0.5414577900276508,
            "eval_runtime": 24.909,
            "eval_samples_per_second": 131.88,
            "eval_steps_per_second": 16.5,
            "epoch": 7.0
        },
        {
            "eval_loss": 0.6115744709968567,
            "eval_accuracy": 0.6724505327245053,
            "eval_precision": 0.452189718961471,
            "eval_recall": 0.6724505327245053,
            "eval_f1": 0.5407510836506851,
            "eval_runtime": 25.0836,
            "eval_samples_per_second": 130.962,
            "eval_steps_per_second": 16.385,
            "epoch": 7.0
        }
    ],
    "7": [
        {
            "eval_loss": 0.6224055886268616,
            "eval_accuracy": 0.6730593607305936,
            "eval_precision": 0.7800146597179048,
            "eval_recall": 0.6730593607305936,
            "eval_f1": 0.5421634037522225,
            "eval_runtime": 25.0489,
            "eval_samples_per_second": 131.144,
            "eval_steps_per_second": 16.408,
            "epoch": 7.0
        }
    ],
    "0": [
        {
            "eval_loss": 0.4291963279247284,
            "eval_accuracy": 0.8112633181126332,
            "eval_precision": 0.8076944383915744,
            "eval_recall": 0.8112633181126332,
            "eval_f1": 0.8084723300853168,
            "eval_runtime": 25.1431,
            "eval_samples_per_second": 130.652,
            "eval_steps_per_second": 16.346,
            "epoch": 7.0
        },
        {
            "eval_loss": 0.2589883506298065,
            "eval_accuracy": 0.9111111111111111,
            "eval_precision": 0.9124044131962157,
            "eval_recall": 0.9111111111111111,
            "eval_f1": 0.9090354338065837,
            "eval_runtime": 24.6783,
            "eval_samples_per_second": 133.113,
            "eval_steps_per_second": 16.654,
            "epoch": 7.0
        },
        {
            "eval_loss": 0.3644518256187439,
            "eval_accuracy": 0.9111111111111111,
            "eval_precision": 0.9124044131962157,
            "eval_recall": 0.9111111111111111,
            "eval_f1": 0.9090354338065837,
            "eval_runtime": 24.7387,
            "eval_samples_per_second": 132.788,
            "eval_steps_per_second": 16.614,
            "epoch": 7.0
        },
        {
            "eval_loss": 0.38106149435043335,
            "eval_accuracy": 0.908675799086758,
            "eval_precision": 0.9115190182932723,
            "eval_recall": 0.908675799086758,
            "eval_f1": 0.9059748755840762,
            "eval_runtime": 24.8168,
            "eval_samples_per_second": 132.37,
            "eval_steps_per_second": 16.561,
            "epoch": 7.0
        }
    ],
    "2": [
        {
            "eval_loss": 0.5221589207649231,
            "eval_accuracy": 0.8112633181126332,
            "eval_precision": 0.8076944383915744,
            "eval_recall": 0.8112633181126332,
            "eval_f1": 0.8084723300853168,
            "eval_runtime": 25.1553,
            "eval_samples_per_second": 130.589,
            "eval_steps_per_second": 16.339,
            "epoch": 7.0
        },
        {
            "eval_loss": 0.32983964681625366,
            "eval_accuracy": 0.9095890410958904,
            "eval_precision": 0.9101929508537319,
            "eval_recall": 0.9095890410958904,
            "eval_f1": 0.9077304099052584,
            "eval_runtime": 24.7542,
            "eval_samples_per_second": 132.705,
            "eval_steps_per_second": 16.603,
            "epoch": 7.0
        }
    ],
    "4": [
        {
            "eval_loss": 0.45898252725601196,
            "eval_accuracy": 0.8012176560121765,
            "eval_precision": 0.8224032989736744,
            "eval_recall": 0.8012176560121765,
            "eval_f1": 0.805945858772805,
            "eval_runtime": 25.0937,
            "eval_samples_per_second": 130.91,
            "eval_steps_per_second": 16.379,
            "epoch": 7.0
        }
    ],
    "1": [
        {
            "eval_loss": 0.6168012022972107,
            "eval_accuracy": 0.7853881278538812,
            "eval_precision": 0.7932108409813277,
            "eval_recall": 0.7853881278538812,
            "eval_f1": 0.7632304342579295,
            "eval_runtime": 25.1247,
            "eval_samples_per_second": 130.748,
            "eval_steps_per_second": 16.358,
            "epoch": 7.0
        }
    ],
    "6": [
        {
            "eval_loss": 0.5977736115455627,
            "eval_accuracy": 0.6757990867579908,
            "eval_precision": 0.6349810272942706,
            "eval_recall": 0.6757990867579908,
            "eval_f1": 0.6093853056108198,
            "eval_runtime": 24.6436,
            "eval_samples_per_second": 133.301,
            "eval_steps_per_second": 16.678,
            "epoch": 7.0
        },
        {
            "eval_loss": 0.46649178862571716,
            "eval_accuracy": 0.7936073059360731,
            "eval_precision": 0.7902695077545393,
            "eval_recall": 0.7936073059360731,
            "eval_f1": 0.7819015196801263,
            "eval_runtime": 24.7037,
            "eval_samples_per_second": 132.976,
            "eval_steps_per_second": 16.637,
            "epoch": 7.0
        },
        {
            "eval_loss": 0.5139820575714111,
            "eval_accuracy": 0.7850837138508371,
            "eval_precision": 0.7883718469399124,
            "eval_recall": 0.7850837138508371,
            "eval_f1": 0.786474393252369,
            "eval_runtime": 24.737,
            "eval_samples_per_second": 132.797,
            "eval_steps_per_second": 16.615,
            "epoch": 7.0
        },
        {
            "eval_loss": 0.5808867812156677,
            "eval_accuracy": 0.7491628614916286,
            "eval_precision": 0.7512833570462292,
            "eval_recall": 0.7491628614916286,
            "eval_f1": 0.7501408815101004,
            "eval_runtime": 24.6549,
            "eval_samples_per_second": 133.239,
            "eval_steps_per_second": 16.67,
            "epoch": 7.0
        },
        {
            "eval_loss": 0.3680248558521271,
            "eval_accuracy": 0.8724505327245053,
            "eval_precision": 0.8738960036967816,
            "eval_recall": 0.8724505327245053,
            "eval_f1": 0.8679986954414095,
            "eval_runtime": 24.616,
            "eval_samples_per_second": 133.45,
            "eval_steps_per_second": 16.696,
            "epoch": 7.0
        },
        {
            "eval_loss": 0.4483642578125,